First Name,Last Name
Isaiah,Hartenstein
Clint,Ndumbacapela
Enrique,Freeman
Max,Strus
Tyler,Herro
Mouhamed,Gueye
Guerschon,Yabusele
Deandre,Hunter
Bobi,Klintman
Luke,Kornet
Aaron,Wiggins
Jaylen,Wells
Drew,Peterson
Deaaron,Fox
Zion,Williamson
Nikola,Topic
Amen,Thompson
Walker,Kessler
Shai,Gilgeousalexander
Russell,Westbrook
Jared,McCain
Domantas,Sabonis
Kyrie,Irving
Josh,Giddey
Bruce,Brown
Kevin,Porter
Charles,Bassey
Justin,Edwards
Jalen,Green
Tidjane,Salaun
Jaden,Mcdaniels
Gradey,Dick
Anton,Watson
Jonathan,Isaac
Collin,Sexton
Stephen,Curry
Mike,Conley
Alex,Len
Jalen,Johnson
Julian,Phillips
Patrick,Williams
Peyton,Watson
Jakobe,Walter
Torrey,Craig
Lindy,Waters
Jaden,Hardy
Keyonte,George
Ja,Morant
Kris,Murray
Oso,Ighodaro
Branden,Carlson
PJ,Washington
Trayce,Jacksondavis
Buddy,Hield
David,Roddy
Yuki,Kawamura
Luke,Kennard
Ricky,Council
Jett,Howard
Maxi,Kleber
Leonard,Miller
Taj,Gibson
Wendell,Moore
Johnny,Furphy
Jalen,Bridges
Kevin,Durant
JT,Thor
Mikal,Bridges
Ochai,Agbaji
Kyle,Kuzma
Deandre,Ayton
Ousmane,Dieng
Emoni,Bates
Cody,Martin
Alec,Burks
Ronald,Holland
Stanley,Umude
Miles,McBride
Ulrich,Kamkachomche
Immanuel,Quickley
Duop,Reath
Isaiah,Collier
Jay,Huff
Moses,Moody
Zaccharie,Risacher
Daniss,Jenkins
Mason,Jones
Dyson,Daniels
Royce,Oneale
Zach,Edey
Dalano,Banton
Adam,Flagler
Jericho,Sims
Marcus,Sasser
Darius,Garland
Donte,Divincenzo
Sam,Merrill
Bradley,Beal
Jabari,Walker
Daquan,Jeffries
Doug,Mcdermott
Dariq,Whitehead
Ivica,Zubac
Alexandre,Sarr
Tre,Jones
Trae,Young
Max,Christie
Ayo,Dosunmu
Jaxson,Hayes
Kentavious,Caldwellpope
Isaac,Jones
Duncan,Robinson
James,Johnson
Trevelin,Queen
Moses,Brown
Dean,Wade
Dillon,Brooks
TJ,McConnell
Taurean,Wallerpince
Malik,Beasley
Scottie,Barnes
Goga,Bitadze
Mason,Plumlee
Victor,Wembanyama
Kyshawn,George
Riley,Minix
Tristen,Newton
Jared,Rhoden
Bol,Bol
Andre,Jackson
Reggie,Jackson
Steven,Adams
Nate,Williams
Jaime,Jaquez
Luka,Garza
Josh,Christopher
Lamelo,Ball
Isaiah,Crawford
Damian,Lillard
Eric,Gordon
Kyle,Filipowski
Jaden,Pickett
DJ,Steward
Jaylon,Tyson
Marcus,Smart
Lester,Quinones
Cole,Swider
Dru,Smith
Jarrett,Allen
Naz,Reid
Bobby,Portis
Tristan,Tsalikivouktsevits
Robert,Williams
Vit,Krejci
Keldon,Johnson
Julian,Champagnie
Bronny,James
Liam,Robbins
Johnny,Juzang
Yongxi,Cui
Rui,Hachimura
Jalen,Brunson
PJ,Hall
Talen,Hortontucker
Keaton,Wallace
Kenyon,Martin
Kobe,Bufkin
Pat,Connaughton
Dalen,Terry
Jayden,Springer
Dillon,Jones
James,Wiseman
Klay,Thompson
Jock,Landale
Spencer,Jones
Giannis,Antetokounmpo
Nickeil,Walker
Grant,Williams
Andrew,Nembhard
Jamal,Murray
Malachi,Branham
Trey,Lyles
Nikola,Jovic
Spencer,Dinwiddie
Trey,Jemison
Cam,Whitmore
Alperen,Sengun
Baylor,Scheierman
Jeremy,Sochan
Noah,Clowney
Aaron,Nesmith
Jalen,Hoodschifino
Alex,Caruso
DJ,Carton
Reece,Beekman
Quinten,Post
Tristan,Thompson
Jared,Butler
Neemias,Queta
Grayson,Allen
Bones,Hyland
Bryce,McGowens
Hunter,Tyson
Austin,Reaves
Chris,Paul
Ariel,Hukporti
John,Collins
Kenrich,Williams
Highwood,Highsmith
Quincy,Olivari
Nick,Richards
Olivier,Prosper
Brook,Lopez
Jalen,Duren
Daniel,Gafford
Tyrese,Martin
Donovan,Mitchell
Tyty,Washington
Brandon,Ingram
Ziaire,Williams
Cam,Thomas
Dorian,Finneysmith
Gary,Trent
Sidy,Cissoko
Alondes,Williams
Kelel,Ware
GG,Jackson
Johnny,Davis
Ty,Jerome
Payton,Pritchard
Nikola,Jokic
Dwight,Powell
KJ,Simpson
Colin,Castleton
Chet,Holmgren
David,Duke
Zeke,Nnaji
Dangelo,Russell
Aaron,Gordon
PJ,Tucker
Kris,Dunn
Kai,Jones
Colby,Jones
Corey,Kispert
Malik,Monk
Paul,Reed
Mitchell,Robinson
Paul,George
Cam,Spencer
Ben,Simmons
Kessler,Edwards
Simone,Fontecchio
Luke,Travers
Myles,Turner
Tristan,Dasilva
Cam,Christie
Zach,Lavine
Christian,Koloko
Terry,Rozier
Jose,Alvarado
Chris,Duarte
Keshad,Johnson
Shake,Milton
Lauri,Markkanen
Daron,Holmes
Damion,Lee
Patrick,Baldwin
Delon,Wright
Jonas,Valanciunas
Jaylin,Williams
Kyle,Lowry
Cole,Anthony
Saddiq,Bey
Terance,Mann
Malcolm,Brogdon
Tyrese,Maxey
Adama,Sanogo
JD,Davison
Bilal,Coulibaly
Tyus,Jones
Ryan,Dunn
Josh,Richardson
Ajay,Mitchell
Jakob,Poeltl
Onyeka,Okongwu
Luka,Doncic
Amir,Coffey
Trey,Alexander
Matas,Buzelis
Antonio,Reeves
Josh,Okogie
Anthony,Black
Tim,Hardaway
Donovan,Clingan
Cade,Cunningham
Tyrese,Haliburton
Lebron,James
Tre,Mann
Caleb,Houstan
Cameron,Johnson
Jeremiah,Robinsonearl
Vlatko,Cancar
Franz,Wagner
Garrett,Temple
Ben,Sheppard
Dejoute,Murray
Quenton,Jackson
Jonathan,Kuminga
Terrence,Shannon
Ausar,Thompson
Scotty,Pippen
Jarace,Walker
Herbert,Jones
Kevin,McCullar
Pelle,Larsson
Matisse,Thybulle
Anthony,Gill
AJ,Johnson
Joe,Ingles
Trey,Murphy
Tyler,Kolek
Jordan,Poole
Dayron,Sharpe
Matt,Ryan
Tyler,Smith
Jerami,Grant
Anthony,Edwards
Jordan,Hawkins
Devin,Booker
Jalen,Wilson
Keegan,Murray
Jonathan,Mogbo
Keon,Ellis
Trentyn,Flowers
Gary,Payton
Naji,Marshall
Jeff,Dowtin
Christian,Braun
Norman,Powell
Kelly,Oubre
Scoot,Henderson
Cody,Zeller
Karlo,Matkovic
Gabe,Vincent
Stephon,Castle
Caleb,Martin
James,Harden
Deandre,Jordan
Toumani,Camara
Julius,Randle
Gary,Harris
Cam,Reddish
Quentin,Grimes
Jimmy,Butler
Chris,Boucher
Jarred,Vanderbilt
Josh,Hart
Zach,Collins
Josh,Minott
Dennis,Schroder
Jeff,Green
Davion,Mitchell
Derrick,White
Rayan,Rupert
Derrick,Jones
Vince,Williams
Bam,Adebayo
Cory,Joseph
Javonte,Green
Chris,Livingston
Devin,Vassell
Al,Horford
Tari,Eason
Lonzo,Ball
Brandon,Boston
Reed,Sheppard
Jrue,Holiday
Yves,Missi
Carlton,Carrington
Bojan,Bogdanovic
Brandon,Williams
Nikola,Vucevic
Moritz,Wagner
Thomas,Bryant
Patty,Mills
Orlando,Robinson
Trendon,Watford
RJ,Barrett
Adem,Bona
Nic,Claxton
Jaylen,Martin
Jamison,Battle
Jabari,Smith
Draymond,Green
Jacob,Toppin
Jevon,Carter
Sam,Hauser
Jalen,Smith
Caris,Levert
Jake,Larvavia
Nicolas,Batum
PJ,Dozier
Larry,Nance
Lu,Dort
Jalen,Williams
Xavier,Tillman
Kevon,Looney
Isaiah,Stewart
Justin,Champagnie
Mo,Bamba
Kristaps,Porzingis
Demar,DeRozan
Nfaly,Dante
Maxwell,Lewis
Drew,Eubanks
Santi,Aldama
Alex,Ducas
Jesse,Edwards
Mac,McClung
Marvin,Bagley
Evan,Mobley
Jordan,McLaughlin
Kevin,Huerter
Jayson,Tatum
Khris,Middleton
Rudy,Gobert
Elfrid,Payton
Aaron,Holiday
Kevin,Love
Craig,Porter
Jamal,Cain
Jazian,Gortman
Jordan,Walsh
Daishen,Nix
Oscar,Tshiebwe
MarJon,Beauchamp
Seth,Curry
Joel,Embiid
Brandon,Clarke
Richaun,Holmes
Micah,Potter
CJ,McCollum
Jack,Mcveigh
Svi,Mykhailiuk
Markieff,Morris
Tobias,Harris
Isaiah,Joe
Georges,Niang
Cason,Wallace
Dominick,Barlow
Keon,Johnson
Devin,Carter
Dante,Exum
Wendell,Carter
Josh,Green
Dario,Saric
Michael,Porter
Brice,Sensabaugh
Shaedon,Sharpe
Jaren,Jackson
Nick,Smith
Brandon,Miller
Pacome,Dadiet
Garrison,Mathews
Blake,Wesley
Miles,Bridges
Taze,Moore
Moussa,Diabate
Bruno,Fernando
Anthony,Davis
Christian,Wood
John,Konchar
Jordan,Miller
Deni,Avdija
Precious,Achiuwa
Andrew,Wiggins
Justin,Minaya
Harrison,Barnes
Desmond,Bane
Boo,Buie
Collin,Gillespie
Rob,Dillingham
Bogdan,Bogdanovic
EJ,Liddell
Dalton,Knecht
Brandin,Podziemski
Isaac,Okoro
Coby,White
Kyle,Anderson
Cody,Williams
Jaden,Ivey
Daniel,Theis
Kelly,Olynyk
Jaesean,Tate
Jamal,Shead
Taylor,Hendricks
AJ,Green
Isaiah,Jackson
Anfernee,Simons
Jaylen,Brown
Gui,Dossantos
Kawhi,Leonard
Mark,Williams
Karlanthony,Towns
Fred,Vanvleet
Cameron,Payne
Pascal,Siakam
Sandro,Mamukelashvili
Andre,Drummond
Vasilije,Micic
Pat,Spencer
Harrison,Ingram
David,Jones
Bennedict,Mathurin
OG,Anunoby
Jusuf,Nurkic
Ryan,Rollins
Dereck,Lively
Paolo,Banchero
Seth,Lundy
Monte,Morris
Jaylen,Clark
Jalen,Suggs
Julian,Strawther
Deanthony,Melton
Obi,Toppin
Armel,Traore
Kobe,Brown
Jordan,Clarkson
